Prefecture,Visitors,Visitor_Share_%,Avg_Spend_JPY,Total_Spending_Million_JPY,Spending_Share_%,Overnight_Stays,Stay_Share_%
Fukui,8200,26.752797624873576,265000,2173.0,27.63082521818243,3100,26.793431287813313
Ishikawa,17651,57.58702815568824,255000,4501.005,57.2326196323816,6650,57.476231633535
Toyama,4800,15.660174219438192,248000,1190.4,15.13655514943597,1820,15.730337078651685
